{"cameraMode":{"drawMode":0,"name":"Shaded","section":"Shading Mode"},"sceneLighting":true,"audioPlay":false,"sceneViewState":{"showFog":true,"showMaterialUpdate":false,"showSkybox":true,"showFlares":true,"showImageEffects":true,"showParticleSystems":true},"in2DMode":false,"pivot":{"x":0.38546866178512576,"y":-0.009493918158113957,"z":0.1796073317527771},"rotation":{"x":0.0599692277610302,"y":-0.8988169431686401,"z":0.41469475626945498,"w":0.12941811978816987},"size":0.8901633620262146,"orthographic":false}