{"cameraMode":{"drawMode":0,"name":"Shaded","section":"Shading Mode"},"sceneLighting":false,"audioPlay":false,"sceneViewState":{"showFog":true,"showMaterialUpdate":false,"showSkybox":true,"showFlares":true,"showImageEffects":true,"showParticleSystems":true},"in2DMode":false,"pivot":{"x":0.23236706852912904,"y":-0.6075213551521301,"z":1.012397289276123},"rotation":{"x":-0.4509001076221466,"y":-0.1323719471693039,"z":0.06555917859077454,"w":-0.880890429019928},"size":1.6520614624023438,"orthographic":false}