{"cameraMode":{"drawMode":0,"name":"Shaded","section":"Shading Mode"},"sceneLighting":false,"audioPlay":false,"sceneViewState":{"showFog":true,"showMaterialUpdate":false,"showSkybox":true,"showFlares":true,"showImageEffects":true,"showParticleSystems":true},"in2DMode":false,"pivot":{"x":0.5807538032531738,"y":-0.6564037203788757,"z":0.805907130241394},"rotation":{"x":-0.3161836564540863,"y":-0.29007694125175478,"z":0.09995266795158386,"w":-0.8983258008956909},"size":1.6520614624023438,"orthographic":false}