{"cameraMode":{"drawMode":0,"name":"Shaded","section":"Shading Mode"},"sceneLighting":false,"audioPlay":false,"sceneViewState":{"showFog":true,"showMaterialUpdate":false,"showSkybox":false,"showFlares":true,"showImageEffects":true,"showParticleSystems":true},"in2DMode":false,"pivot":{"x":-0.04666523635387421,"y":0.1472369283437729,"z":-0.33559224009513857},"rotation":{"x":0.2869071364402771,"y":-0.19342131912708283,"z":0.059257544577121738,"w":0.9364122748374939},"size":0.2857884168624878,"orthographic":false}