{"cameraMode":{"drawMode":0,"name":"Shaded","section":"Shading Mode"},"sceneLighting":false,"audioPlay":false,"sceneViewState":{"showFog":true,"showMaterialUpdate":false,"showSkybox":false,"showFlares":true,"showImageEffects":true,"showParticleSystems":true},"in2DMode":false,"pivot":{"x":-0.08297387510538101,"y":0.0630936548113823,"z":-0.207009419798851},"rotation":{"x":0.21031218767166139,"y":0.5144379138946533,"z":-0.1318027228116989,"w":0.8208884000778198},"size":0.2857884168624878,"orthographic":false}