{"cameraMode":{"drawMode":0,"name":"Shaded","section":"Shading Mode"},"sceneLighting":false,"audioPlay":false,"sceneViewState":{"showFog":true,"showMaterialUpdate":false,"showSkybox":true,"showFlares":true,"showImageEffects":true,"showParticleSystems":true},"in2DMode":false,"pivot":{"x":0.1342061460018158,"y":-1.6138575077056885,"z":1.9134495258331299},"rotation":{"x":0.4296741783618927,"y":-0.12548388540744782,"z":0.06211916357278824,"w":0.8927027583122253},"size":2.5520613193511965,"orthographic":false}