{"cameraMode":{"drawMode":0,"name":"Shaded","section":"Shading Mode"},"sceneLighting":true,"audioPlay":false,"sceneViewState":{"showFog":true,"showMaterialUpdate":false,"showSkybox":true,"showFlares":true,"showImageEffects":true,"showParticleSystems":true},"in2DMode":false,"pivot":{"x":0.1123620942234993,"y":0.3294268250465393,"z":-0.15736588835716248},"rotation":{"x":0.3781733214855194,"y":-0.15006905794143678,"z":0.06226974353194237,"w":0.9114215970039368},"size":0.285788357257843,"orthographic":false}