{"cameraMode":{"drawMode":0,"name":"Shaded","section":"Shading Mode"},"sceneLighting":false,"audioPlay":false,"sceneViewState":{"showFog":true,"showMaterialUpdate":false,"showSkybox":true,"showFlares":true,"showImageEffects":true,"showParticleSystems":true},"in2DMode":false,"pivot":{"x":0.3757803738117218,"y":-0.8355411887168884,"z":0.5870950818061829},"rotation":{"x":-0.5721580386161804,"y":-0.24066853523254395,"z":0.17858223617076875,"w":-0.7641598582267761},"size":2.5520613193511965,"orthographic":false}