{"cameraMode":{"drawMode":0,"name":"Shaded","section":"Shading Mode"},"sceneLighting":true,"audioPlay":false,"sceneViewState":{"showFog":true,"showMaterialUpdate":false,"showSkybox":true,"showFlares":true,"showImageEffects":true,"showParticleSystems":true},"in2DMode":false,"pivot":{"x":0.49148428440093996,"y":0.45030587911605837,"z":-0.030804112553596498},"rotation":{"x":0.5192352533340454,"y":-0.21737773716449738,"z":0.1385219544172287,"w":0.8149064779281616},"size":0.585788369178772,"orthographic":false}