{"cameraMode":{"drawMode":0,"name":"Shaded","section":"Shading Mode"},"sceneLighting":false,"audioPlay":false,"sceneViewState":{"showFog":true,"showMaterialUpdate":false,"showSkybox":false,"showFlares":true,"showImageEffects":true,"showParticleSystems":true},"in2DMode":false,"pivot":{"x":0.030533406883478166,"y":0.3965631425380707,"z":0.45078742504119875},"rotation":{"x":0.13182221353054048,"y":-0.04722760617733002,"z":0.005934692919254303,"w":0.9903697371482849},"size":1.0974273681640626,"orthographic":false}