{"cameraMode":{"drawMode":0,"name":"Shaded","section":"Shading Mode"},"sceneLighting":true,"audioPlay":false,"sceneViewState":{"showFog":true,"showMaterialUpdate":false,"showSkybox":true,"showFlares":true,"showImageEffects":true,"showParticleSystems":true},"in2DMode":false,"pivot":{"x":0.3166123628616333,"y":-1.3219026327133179,"z":0.9044439196586609},"rotation":{"x":-0.5243406295776367,"y":-0.08966941386461258,"z":0.05620947107672691,"w":-0.8452190160751343},"size":2.079554796218872,"orthographic":false}