{"cameraMode":{"drawMode":0,"name":"Shaded","section":"Shading Mode"},"sceneLighting":false,"audioPlay":false,"sceneViewState":{"showFog":true,"showMaterialUpdate":false,"showSkybox":true,"showFlares":true,"showImageEffects":true,"showParticleSystems":true},"in2DMode":false,"pivot":{"x":0.7789574861526489,"y":-1.3635079860687256,"z":0.8521643877029419},"rotation":{"x":-0.4620123505592346,"y":-0.300656259059906,"z":0.17084786295890809,"w":-0.8172267079353333},"size":2.3547654151916506,"orthographic":false}