{"cameraMode":{"drawMode":0,"name":"Shaded","section":"Shading Mode"},"sceneLighting":true,"audioPlay":false,"sceneViewState":{"showFog":true,"showMaterialUpdate":false,"showSkybox":true,"showFlares":true,"showImageEffects":true,"showParticleSystems":true},"in2DMode":false,"pivot":{"x":12.497705459594727,"y":-17.885839462280275,"z":0.5269613265991211},"rotation":{"x":0.3327872157096863,"y":0.6193981766700745,"z":-0.32626378536224368,"w":0.6317912340164185},"size":22.666088104248048,"orthographic":false}