{"cameraMode":{"drawMode":0,"name":"Shaded","section":"Shading Mode"},"sceneLighting":true,"audioPlay":false,"sceneViewState":{"showFog":true,"showMaterialUpdate":false,"showSkybox":true,"showFlares":true,"showImageEffects":true,"showParticleSystems":true},"in2DMode":false,"pivot":{"x":0.08498349040746689,"y":-0.24728639423847199,"z":0.12347768992185593},"rotation":{"x":0.028382789343595506,"y":-0.9054537415504456,"z":0.41942116618156435,"w":0.060572750866413119},"size":0.8901633620262146,"orthographic":false}