{"cameraMode":{"drawMode":0,"name":"Shaded","section":"Shading Mode"},"sceneLighting":false,"audioPlay":false,"sceneViewState":{"showFog":true,"showMaterialUpdate":false,"showSkybox":false,"showFlares":true,"showImageEffects":true,"showParticleSystems":true},"in2DMode":false,"pivot":{"x":0.17376461625099183,"y":0.03513744845986366,"z":0.1805555373430252},"rotation":{"x":0.01904001086950302,"y":0.3923162519931793,"z":-0.009690255858004094,"w":0.9199618697166443},"size":0.28674420714378359,"orthographic":false}