{"cameraMode":{"drawMode":0,"name":"Shaded","section":"Shading Mode"},"sceneLighting":false,"audioPlay":false,"sceneViewState":{"showFog":true,"showMaterialUpdate":false,"showSkybox":false,"showFlares":true,"showImageEffects":true,"showParticleSystems":true},"in2DMode":false,"pivot":{"x":-1.8745619058609009,"y":1.9843578338623047,"z":0.9398410320281982},"rotation":{"x":0.12846359610557557,"y":0.8496739268302918,"z":-0.24231365323066712,"w":0.45046675205230715},"size":0.285788357257843,"orthographic":false}