{"cameraMode":{"drawMode":0,"name":"Shaded","section":"Shading Mode"},"sceneLighting":false,"audioPlay":false,"sceneViewState":{"showFog":true,"showMaterialUpdate":false,"showSkybox":false,"showFlares":true,"showImageEffects":true,"showParticleSystems":true},"in2DMode":false,"pivot":{"x":0.0028193900361657144,"y":0.05922766402363777,"z":-0.19832134246826173},"rotation":{"x":0.45671552419662478,"y":-0.010401695966720581,"z":0.005335834808647633,"w":0.8895946145057678},"size":0.2857884168624878,"orthographic":false}