{"cameraMode":{"drawMode":0,"name":"Shaded","section":"Shading Mode"},"sceneLighting":false,"audioPlay":false,"sceneViewState":{"showFog":true,"showMaterialUpdate":false,"showSkybox":false,"showFlares":true,"showImageEffects":true,"showParticleSystems":true},"in2DMode":false,"pivot":{"x":0.09510000050067902,"y":0.08240000158548355,"z":0.19550000131130219},"rotation":{"x":-0.24363896250724793,"y":-0.5915083289146423,"z":0.19429486989974976,"w":-0.7440330386161804},"size":0.2857883870601654,"orthographic":false}