{"cameraMode":{"drawMode":0,"name":"Shaded","section":"Shading Mode"},"sceneLighting":false,"audioPlay":false,"sceneViewState":{"showFog":true,"showMaterialUpdate":false,"showSkybox":false,"showFlares":true,"showImageEffects":true,"showParticleSystems":true},"in2DMode":false,"pivot":{"x":-1.577484130859375,"y":-2.0081770420074465,"z":0.9156959056854248},"rotation":{"x":0.3528861105442047,"y":-0.45318078994750979,"z":0.19964152574539185,"w":0.7943158149719238},"size":2.8578836917877199,"orthographic":false}