{"cameraMode":{"drawMode":0,"name":"Shaded","section":"Shading Mode"},"sceneLighting":false,"audioPlay":false,"sceneViewState":{"showFog":true,"showMaterialUpdate":false,"showSkybox":false,"showFlares":true,"showImageEffects":true,"showParticleSystems":true},"in2DMode":false,"pivot":{"x":-0.002523142611607909,"y":0.027102647349238397,"z":-0.02426912449300289},"rotation":{"x":-0.002774233929812908,"y":0.9978079199790955,"z":0.04910844936966896,"w":0.050467830151319507},"size":0.08068877458572388,"orthographic":false}