{"cameraMode":{"drawMode":0,"name":"Shaded","section":"Shading Mode"},"sceneLighting":false,"audioPlay":false,"sceneViewState":{"showFog":true,"showMaterialUpdate":false,"showSkybox":false,"showFlares":true,"showImageEffects":true,"showParticleSystems":true},"in2DMode":false,"pivot":{"x":2.347554922103882,"y":-1.2829102277755738,"z":-0.40564119815826418},"rotation":{"x":0.1626412272453308,"y":0.7400092482566834,"z":-0.19521327316761018,"w":0.6233164072036743},"size":2.8578836917877199,"orthographic":false}