{"cameraMode":{"drawMode":0,"name":"Shaded","section":"Shading Mode"},"sceneLighting":false,"audioPlay":false,"sceneViewState":{"showFog":true,"showMaterialUpdate":false,"showSkybox":false,"showFlares":true,"showImageEffects":true,"showParticleSystems":true},"in2DMode":false,"pivot":{"x":-0.015365776605904103,"y":0.047308389097452167,"z":-0.21319317817687989},"rotation":{"x":0.31573575735092165,"y":-0.02247820422053337,"z":0.007476914674043655,"w":0.948606014251709},"size":0.2857884168624878,"orthographic":false}