{"cameraMode":{"drawMode":0,"name":"Shaded","section":"Shading Mode"},"sceneLighting":false,"audioPlay":false,"sceneViewState":{"showFog":true,"showMaterialUpdate":false,"showSkybox":true,"showFlares":true,"showImageEffects":true,"showParticleSystems":true},"in2DMode":false,"pivot":{"x":-0.1675613671541214,"y":0.4133809208869934,"z":0.31923627853393557},"rotation":{"x":-0.2067878544330597,"y":-0.784595251083374,"z":0.3455790877342224,"w":-0.47227948904037478},"size":0.28578853607177737,"orthographic":false}