{"cameraMode":{"drawMode":0,"name":"Shaded","section":"Shading Mode"},"sceneLighting":false,"audioPlay":false,"sceneViewState":{"showFog":true,"showMaterialUpdate":false,"showSkybox":false,"showFlares":true,"showImageEffects":true,"showParticleSystems":true},"in2DMode":false,"pivot":{"x":-0.5300554037094116,"y":0.5164714455604553,"z":0.6933973431587219},"rotation":{"x":-0.05580277368426323,"y":-0.9188186526298523,"z":0.13424761593341828,"w":-0.36843204498291018},"size":0.20208293199539185,"orthographic":false}