{"cameraMode":{"drawMode":0,"name":"Shaded","section":"Shading Mode"},"sceneLighting":true,"audioPlay":false,"sceneViewState":{"showFog":true,"showMaterialUpdate":false,"showSkybox":true,"showFlares":true,"showImageEffects":true,"showParticleSystems":true},"in2DMode":false,"pivot":{"x":0.20415058732032777,"y":0.22878241539001466,"z":0.4689600467681885},"rotation":{"x":-0.1021423265337944,"y":0.8139161467552185,"z":-0.5518336296081543,"w":-0.15063981711864472},"size":0.285788357257843,"orthographic":false}