{"cameraMode":{"drawMode":0,"name":"Shaded","section":"Shading Mode"},"sceneLighting":false,"audioPlay":false,"sceneViewState":{"showFog":true,"showMaterialUpdate":false,"showSkybox":true,"showFlares":true,"showImageEffects":true,"showParticleSystems":true},"in2DMode":false,"pivot":{"x":247.84494018554688,"y":580.6214599609375,"z":-29.134689331054689},"rotation":{"x":0.4823175370693207,"y":-0.1227979063987732,"z":0.07031580060720444,"w":0.8651533126831055},"size":304.00885009765627,"orthographic":false}