{"cameraMode":{"drawMode":0,"name":"Shaded","section":"Shading Mode"},"sceneLighting":false,"audioPlay":false,"sceneViewState":{"showFog":true,"showMaterialUpdate":false,"showSkybox":false,"showFlares":true,"showImageEffects":true,"showParticleSystems":true},"in2DMode":false,"pivot":{"x":-0.5763503909111023,"y":1.5582865476608277,"z":0.6776357293128967},"rotation":{"x":0.09706947952508927,"y":0.7928714156150818,"z":-0.13104906678199769,"w":0.5872340202331543},"size":0.285788357257843,"orthographic":false}