{"cameraMode":{"drawMode":0,"name":"Shaded","section":"Shading Mode"},"sceneLighting":false,"audioPlay":false,"sceneViewState":{"showFog":true,"showMaterialUpdate":false,"showSkybox":false,"showFlares":true,"showImageEffects":true,"showParticleSystems":true},"in2DMode":false,"pivot":{"x":0.60166996717453,"y":-1.372025728225708,"z":2.3475558757781984},"rotation":{"x":0.25627878308296206,"y":0.11928920447826386,"z":-0.033353645354509357,"w":0.9590009450912476},"size":2.8578836917877199,"orthographic":false}