{"cameraMode":{"drawMode":0,"name":"Shaded","section":"Shading Mode"},"sceneLighting":false,"audioPlay":false,"sceneViewState":{"showFog":true,"showMaterialUpdate":false,"showSkybox":false,"showFlares":true,"showImageEffects":true,"showParticleSystems":true},"in2DMode":false,"pivot":{"x":0.1418255716562271,"y":0.026089206337928773,"z":0.09760965406894684},"rotation":{"x":0.11842881888151169,"y":0.40662893652915957,"z":-0.05479181185364723,"w":0.904613196849823},"size":0.2998160123825073,"orthographic":false}