{"cameraMode":{"drawMode":0,"name":"Shaded","section":"Shading Mode"},"sceneLighting":false,"audioPlay":false,"sceneViewState":{"showFog":true,"showMaterialUpdate":false,"showSkybox":false,"showFlares":true,"showImageEffects":true,"showParticleSystems":true},"in2DMode":false,"pivot":{"x":0.015320817939937115,"y":0.0352354422211647,"z":-0.2524104118347168},"rotation":{"x":0.37899354100227358,"y":0.022493569180369378,"z":-0.009218163788318634,"w":0.9251376390457153},"size":0.2857884168624878,"orthographic":false}